"model","waic"
1,582956.101537127
2,582912.625667389
